x.1,x.2,y
0.936058516,-0.731393372,yes
0.542741112,0.981293101,yes
0.805081068,0.746603574,yes
1.097654774,-1.231711319,yes
1.081126609,0.318059753,yes
0.425984701,0.448630715,yes
-0.001811571,0.349912226,yes
-0.108118083,-0.58756565,yes
1.285704735,0.383818154,yes
-0.295652049,-0.130598766,yes
0.380449966,-0.925495094,yes
0.083625719,-1.087024313,yes
1.528962622,1.142834196,yes
-0.333320556,-0.394566235,yes
0.471966931,-1.095608465,yes
1.037868917,0.409519248,yes
0.446467368,1.238370882,yes
-0.413850751,0.011492981,yes
0.354257783,1.189519304,yes
1.440387371,0.835985801,yes
0.707046278,1.349060768,yes
0.370549886,-0.479523024,yes
0.374911274,-1.853096193,yes
1.660115453,0.127124519,yes
0.643644528,-1.266874557,yes
0.454057512,0.680722973,yes
0.575559417,0.898528663,yes
0.111711296,0.923749762,yes
1.429202401,-1.222967304,yes
0.19753632,-1.110193503,yes
0.321739006,-1.041169472,yes
0.247486354,-0.851830818,yes
1.235462379,0.654751302,yes
0.500940505,1.430163823,yes
-0.222286388,1.300140932,yes
0.459526499,-0.412582676,yes
0.991670013,0.468610328,yes
0.981528183,-1.030569079,yes
-0.118947361,0.761276349,yes
-0.597307771,-0.344045455,yes
-0.695159732,-0.295549953,yes
0.210784972,1.575431828,yes
-0.000564501,1.020927231,yes
0.791861765,0.023329519,yes
0.174939256,-0.554728179,yes
0.251538383,0.557672352,yes
0.907228877,0.627646585,yes
0.212514915,0.107107926,yes
0.286832265,-0.685759246,yes
0.542794629,0.331699955,yes
0.928610653,0.717508604,yes
0.899183564,-1.071928979,yes
0.792953256,0.200600303,yes
0.273654383,-1.498194625,yes
0.704905706,-0.042418534,yes
0.008090492,-1.471978581,yes
1.094302075,-0.042279279,yes
0.04880132,-0.880174555,yes
1.865086183,0.45179777,yes
0.859151923,0.868887641,yes
-0.20808403,-1.415732046,yes
0.767869104,-0.499165048,yes
0.535472516,-0.950554925,yes
0.398219018,-1.241026334,yes
0.563179327,-0.571737211,yes
1.380034761,0.037178517,yes
0.405466461,-0.24225196,yes
0.204418053,-0.507927845,yes
0.969754709,-1.605107816,yes
1.430891332,0.12196411,yes
0.089397201,-0.344990834,yes
0.420557575,-0.565521423,yes
0.601795402,-1.457820284,yes
0.736518766,0.055437725,yes
0.843237019,-1.768163649,yes
1.108423476,0.275964554,yes
0.865414835,0.294809353,yes
0.932131662,-1.75705553,yes
0.763140655,-0.414217304,yes
-0.088578218,-1.308816351,yes
0.792221686,0.481579991,yes
0.802999576,0.353517547,yes
0.4572851,0.218577908,yes
-0.151791331,0.03273426,yes
1.045085556,0.140287291,yes
0.735619966,-0.885468337,yes
0.75631073,1.312064428,yes
1.136119786,-0.112774683,yes
0.153655104,0.520436118,yes
0.643800983,-0.872799728,yes
0.037739657,1.16161207,yes
0.704621968,0.733504961,yes
0.614892804,-1.315579937,yes
0.461226552,-0.132966214,yes
0.494012327,-1.513795742,yes
1.103023373,0.590091281,yes
0.270732317,-0.183907261,yes
-0.802139818,0.570046313,yes
-0.413762824,-0.1000568,yes
0.381507911,-0.223948892,yes
0.2250597,-1.847881629,yes
0.811805818,-1.189012373,yes
-0.105599366,-0.493807625,yes
0.381925889,-1.895295524,yes
0.183897522,0.126697113,yes
0.257983777,-1.31805196,yes
1.434916364,0.985829906,yes
0.891297667,1.725157468,yes
1.074558378,-1.117935948,yes
0.82101067,0.587413318,yes
0.852965902,-1.658630876,yes
0.774867489,0.911809128,yes
-0.010196371,0.099492628,yes
0.874332367,-1.780935086,yes
1.09999467,1.014813983,yes
-0.257702547,0.911392491,yes
1.044259817,0.347315117,yes
1.438989261,-0.555750772,yes
1.031291175,0.222628485,yes
0.937780565,-0.665378655,yes
0.505916955,0.651114912,yes
0.344724217,0.643442015,yes
0.095902809,0.787967176,yes
-0.074875855,-0.843496252,yes
0.642301112,-0.373565664,yes
0.767025611,0.53060003,yes
0.939011134,0.35486894,yes
-0.189347764,-0.229276973,yes
0.242632678,-1.501554096,yes
-0.023788749,-0.368295159,yes
1.374685128,0.58089179,yes
1.03039679,0.461914493,yes
0.661777735,-0.59591183,yes
0.296233713,-0.622873513,yes
-0.136220122,1.72041693,yes
-0.046794861,-0.942260143,yes
0.962730539,-1.097419578,yes
0.609540832,-0.093035259,yes
0.879158172,-0.092451544,yes
1.45381245,1.004848733,yes
1.146411074,-0.167067386,yes
1.447014593,-1.494165042,yes
-0.110520234,-0.279808343,yes
0.529801333,-0.113455803,yes
-0.181660175,-0.320045255,yes
0.517393715,-0.329152678,yes
-0.185319278,-0.822924928,yes
0.797748833,-1.082551546,yes
0.737632966,0.720024956,yes
1.32198647,-1.258285247,yes
0.399793258,1.419890331,yes
0.379239467,0.994568379,yes
1.251023636,0.145918769,yes
0.328743814,-1.225611725,yes
1.031309872,1.039467363,yes
-0.153766229,-1.452523838,yes
0.845353509,-1.215076926,yes
0.689579392,-1.328474655,yes
0.33621338,0.703454729,yes
0.69891049,-0.961705282,yes
0.853834384,-1.243721238,yes
-0.017537909,-1.954452288,yes
0.740869451,0.041213958,yes
2.027292555,0.81629251,yes
0.376589848,0.964228223,yes
0.838788224,-0.299360943,yes
0.178739697,-1.313963765,yes
0.817315812,0.442401005,yes
0.120009419,0.742677182,yes
0.53658624,-1.386780069,yes
0.10783382,0.731698471,yes
0.064411082,0.47968282,yes
0.583566225,-0.389401744,yes
0.543194081,-0.350217343,yes
0.495875655,-0.252763472,yes
0.82271229,0.569957129,yes
0.032392831,-0.569415529,yes
-0.215241833,-1.264574359,yes
0.43341611,-0.821340973,yes
1.054121953,0.847958436,yes
1.100527278,0.417945476,yes
0.972745317,0.760388315,yes
2.262272324,1.090599195,yes
0.773186425,1.61327706,yes
0.435140888,-1.148925509,yes
1.195076537,-1.895036757,yes
0.673272042,-0.83203386,yes
0.544439053,1.949244892,yes
1.505449109,0.219367626,yes
0.831849952,-0.60043306,yes
1.557504899,0.679322077,yes
0.206596142,-1.635239852,yes
0.634418516,1.098281976,yes
0.630468148,0.394916327,yes
0.726068096,0.505563177,yes
0.110933668,-0.692020241,yes
0.845530837,0.708945435,yes
0.14301828,-0.097345114,yes
0.893767498,-0.238356812,yes
0.82256206,0.891580569,yes
0.55140558,-0.697484632,yes
1.235548519,1.320597297,yes
0.309572491,-0.505757202,yes
0.849354827,0.410058789,yes
0.53311706,-1.317770204,yes
0.396355792,-0.861792269,yes
0.327282344,-1.303910737,yes
0.496638547,1.17128333,yes
0.568049187,0.498879877,yes
0.57561164,0.622571504,yes
0.35807625,-0.238905387,yes
0.075814099,1.178980845,yes
-0.295812835,-0.478032394,yes
-0.891651617,-0.442243192,yes
1.343294765,0.645041079,yes
-0.502036857,0.354947044,yes
0.869665547,0.097844271,yes
-0.167186518,0.599806926,yes
0.529313891,-1.19529486,yes
0.424284141,-0.772444732,yes
0.933754509,1.487870423,yes
0.324635334,-0.024467481,yes
1.105037062,-1.250905714,yes
1.300653523,1.040185729,yes
0.234471512,0.537443345,yes
0.860024805,0.821892554,yes
0.423262544,-0.835730191,yes
1.17769383,0.220598002,yes
0.379465216,0.651457984,yes
0.385860823,0.630365798,yes
0.22313158,-0.54019873,yes
0.517202003,0.449762772,yes
0.775547456,-0.758696149,yes
0.045979972,-0.364717786,yes
-0.168321688,0.532360516,yes
0.28610852,-1.351166175,yes
0.234597818,-1.152141208,yes
1.133723879,-0.444649039,yes
1.764906401,-0.452944166,yes
0.627903685,-1.879040158,yes
1.052089774,0.374565835,yes
-0.138667668,1.065172469,yes
0.617505796,-1.306514999,yes
0.240014128,-1.315870709,yes
-0.153301978,-1.230806312,yes
0.281094109,0.911874991,yes
0.803639697,1.09980637,yes
0.009650396,0.719166975,yes
0.282287345,-0.49985686,yes
0.455961588,-0.558433338,yes
0.36712261,-0.812537108,yes
1.052533905,0.338964987,yes
-0.564733253,-1.598097672,yes
0.044724009,-1.2512557,yes
0.409371898,0.925184132,yes
-0.089028115,-0.890373905,yes
0.980595787,-1.28097939,yes
-0.488205653,0.2951589,yes
1.042288807,0.999358276,yes
0.758218916,0.633748672,yes
-0.424338138,-0.741425554,yes
0.81378106,0.694929026,yes
1.135233242,-0.728966825,yes
0.160145215,1.374151988,yes
1.044536344,1.036599435,yes
1.255361697,-0.491160153,yes
0.33839504,-0.934594638,yes
-0.092561126,-0.139992653,yes
1.215970444,0.86522191,yes
0.625995688,0.379155821,yes
0.242417921,0.300562503,yes
0.698902914,-0.049326159,yes
0.277976601,0.468320298,yes
0.456235099,-2.242283231,yes
0.144782864,0.840541093,yes
0.654413883,-0.538600364,yes
-0.910176231,-0.828097157,yes
0.94745881,0.266320582,yes
-0.294697893,0.065109971,yes
1.285476168,0.353395836,yes
0.0364689,-1.200601345,yes
0.563230253,0.936679527,yes
0.839324822,0.640614362,yes
0.544978654,1.909990476,yes
0.897994839,1.066630012,yes
0.470579288,0.535798744,yes
0.481253673,1.020269173,yes
0.528715764,-0.326860105,yes
0.690307533,-1.07908803,yes
0.564556856,0.376188224,yes
-0.40418251,-0.037782317,yes
0.836678149,1.293787445,yes
0.958639587,-1.15884939,yes
0.836446506,-1.174191293,yes
1.497399176,-1.368309587,yes
0.615953705,-0.769536647,yes
0.66406536,0.216997581,yes
0.097187132,-1.710755714,yes
0.984816607,-0.755288717,yes
0.690949334,-1.468059911,yes
0.677442052,0.488830974,yes
0.799809197,0.480307591,yes
0.666826087,-0.819149991,yes
0.53245268,0.35270311,yes
0.433553322,-0.190135199,yes
1.112635787,0.96827692,yes
1.305822912,0.393023857,yes
0.358918239,0.590997804,yes
0.794015172,0.724207132,yes
1.435697565,0.020924115,yes
1.042216084,0.073303137,yes
0.137416567,-0.835320453,yes
0.728556019,-0.071001715,yes
1.383037963,1.532228032,yes
0.756091504,-0.308341817,yes
0.513054093,-1.436974371,yes
-0.093053944,-0.232381472,yes
-0.04558826,-1.031797888,yes
0.830227226,-1.093116627,yes
0.977364527,0.431536426,yes
0.502572756,-0.220551324,yes
0.987489804,0.712994755,yes
0.423689237,0.746797213,yes
0.546392252,-0.781740016,yes
0.025958923,-0.716051425,yes
0.524809818,-0.381071079,yes
1.37970084,-1.154532438,yes
0.27753208,-0.123604876,yes
0.23374962,0.550195286,yes
0.431501285,-0.413601546,yes
0.509651388,-1.350881036,yes
-0.64441843,-0.969123289,yes
1.39587887,0.455591726,yes
0.323301467,1.580677097,yes
0.461678553,1.112867697,yes
0.818284752,-1.832778627,yes
0.571281579,1.331056591,yes
0.454992384,-1.395118345,yes
1.086288482,-0.678867362,yes
1.223718,-0.195200324,yes
0.617183296,-0.788632218,yes
-0.45232984,0.407731994,yes
0.776994117,-2.045513128,yes
0.477606828,1.413278844,yes
1.361824792,0.446572866,yes
-0.900202109,0.247843675,yes
0.278152078,1.500535824,yes
1.030037594,0.051321404,yes
1.025005543,-1.493272,yes
0.535191683,-1.179112169,yes
1.031724799,-1.729328186,yes
1.298028588,-2.20802455,yes
0.499880166,-1.631492786,yes
0.722001493,-0.510482953,yes
-0.27208613,-0.342676042,yes
0.013739217,-1.331141693,yes
-0.270985127,-0.601952512,yes
0.415361245,-0.575451222,yes
1.410135686,0.84635606,yes
0.496371303,0.54327759,yes
0.670713086,-0.200368716,yes
0.980243838,0.172040207,yes
0.010954615,0.243502991,yes
-0.14342632,-1.315523145,yes
-0.029495735,-0.656930306,yes
-0.037062849,-0.590763555,yes
0.683076897,0.778101841,yes
1.356136791,0.254952013,yes
0.582139276,1.560497319,yes
1.275216516,-1.964293677,yes
-0.496155785,-0.026923127,yes
-0.565871646,0.07419837,yes
0.389094669,0.475946727,yes
1.017414065,0.264469173,yes
0.11603127,-0.440471086,yes
0.519702826,-0.060593255,yes
1.458051782,1.815143721,yes
0.202397241,0.371172516,yes
0.673141998,-1.158057804,yes
1.42552857,1.023505199,yes
0.238219287,-1.399443095,yes
0.230414566,-0.872880678,yes
0.074958105,-1.020605068,yes
1.299572546,-0.096001369,yes
0.902644628,-1.155352282,yes
0.23617256,-1.511849902,yes
0.337413675,0.909904808,yes
0.845889278,0.889256859,yes
-0.899395525,1.201587249,yes
0.488476555,-1.769594457,yes
-0.073167631,-0.793613306,yes
0.637652345,-0.04077643,yes
0.496374474,-1.726710618,yes
0.3958242,-0.610070097,yes
-0.006674539,-0.915486458,yes
0.561925585,0.565192994,yes
1.210599448,0.565140304,yes
0.789460574,-1.392777293,yes
0.692884316,0.323272457,yes
0.003791186,-0.500047177,yes
0.935535626,-0.919694412,yes
0.485241139,-0.649826015,yes
0.590334123,0.85378238,yes
-1.1198643,-0.023467082,yes
1.130383148,-0.982733388,yes
1.755454425,0.132225339,yes
0.362361222,-1.188602726,yes
0.309941085,1.911470463,yes
0.399398602,-0.524861005,yes
0.025857379,-0.574075834,yes
1.208922657,0.818542924,yes
0.032360133,-1.507119507,yes
0.337526549,0.601808054,yes
1.801553705,-0.730354368,yes
0.092005568,0.846942487,yes
-0.706659776,0.979522986,yes
0.391295256,0.909494677,yes
0.506182146,-0.076821041,yes
0.499117712,1.069239187,yes
-0.00603854,-0.825942913,yes
-0.557666039,0.169503001,yes
0.704482054,0.601807745,yes
1.543564845,-1.065890018,yes
0.248644205,-0.758135298,yes
-0.050189574,0.815220001,yes
0.660492385,1.601050238,yes
0.122321793,0.327853138,yes
0.417913371,-0.888200265,yes
0.151795417,-0.904489694,yes
0.63008481,-1.535283672,yes
0.295177266,1.105993341,yes
0.080673594,-0.06304579,yes
0.504075945,-1.32288721,yes
0.692119245,0.91235444,yes
0.825916692,-0.561503475,yes
0.889336806,0.940764994,yes
0.479026943,-1.258894144,yes
1.446232834,0.448281826,yes
1.197182046,0.358128713,yes
-0.134822473,0.604531034,yes
1.330535079,-1.323822812,yes
1.519026742,0.150784748,yes
0.710343044,0.834833733,yes
0.009933723,0.088779565,yes
0.530665948,1.353904877,yes
0.823152017,-0.116503998,yes
0.61561945,-0.745428208,yes
0.569684691,0.599065126,yes
0.290832961,-1.428258445,yes
0.760942864,1.134919891,yes
1.216921273,-0.996307764,yes
0.762512641,-0.568849418,yes
0.137859369,1.004704584,yes
1.216001997,0.351931598,yes
0.362659918,0.447430419,yes
0.542275076,0.739538974,yes
0.579079796,1.002293686,yes
1.052630562,0.861437898,yes
0.586373021,0.349148195,yes
0.581422333,-0.105107008,yes
-0.182347991,-1.165163651,yes
-0.012201053,0.129368675,yes
0.166536635,-0.94437928,yes
0.573134696,1.437200346,yes
0.812256878,-1.518803578,yes
0.85416495,-0.650078128,yes
0.496313316,-0.080734213,yes
0.60022024,-1.218437572,yes
0.893418471,-1.051868939,yes
1.413844333,0.576369676,yes
-0.271305503,-0.864012235,yes
0.256641117,0.678014217,yes
0.797462807,0.805501211,yes
-0.131145913,0.687167172,yes
0.78440697,1.042401703,yes
1.217991125,0.689110777,yes
1.666772284,0.934390389,yes
0.546682993,-1.207673642,yes
1.514427033,1.758101962,yes
1.199580685,-0.371072293,yes
-0.213210439,-0.44093629,yes
1.112495303,-1.038163364,yes
0.885314807,1.046873493,yes
0.822463821,-1.993338896,yes
0.431986459,-0.775295637,yes
0.910702512,0.778190767,yes
0.45589821,-0.261316228,yes
0.988209122,0.263090232,yes
0.013084557,-1.057468457,yes
1.127767967,1.133298144,yes
0.560148498,0.941302574,yes
0.215161131,0.842449841,yes
1.07066326,0.613881964,yes
0.419628723,1.056004527,yes
1.085828717,0.518303757,yes
0.004203371,-1.201271608,yes
0.114234997,-1.322690808,yes
0.926325158,0.661727015,yes
0.700171128,-0.751694387,yes
0.108634344,-0.608252721,yes
-0.004269696,-0.250765123,yes
1.445211944,-1.115173925,yes
-0.469550727,-0.125710637,yes
-0.127325196,0.088282367,yes
0.454732984,0.806433209,yes
1.141364105,1.426672364,yes
0.40151351,-1.049882034,yes
0.854371412,0.309517432,yes
0.399293145,0.266666021,yes
0.138973514,-0.612057339,yes
-0.225572708,-1.745389205,yes
1.569236644,1.098640245,yes
-0.051986717,-0.340030646,yes
0.984870275,-1.347555136,yes
0.993485285,0.129185275,yes
0.875290409,-0.420573251,yes
0.735304499,1.081990626,yes
-0.075003728,-0.864611967,yes
0.452430445,-0.601134618,yes
-0.04589637,-0.973045712,yes
1.972624745,0.854266204,yes
0.595267758,-1.622806875,yes
1.247429958,0.736572875,yes
0.211169446,0.530637127,yes
0.846536588,0.85974923,yes
-0.70003358,-0.590739643,yes
0.985995121,0.169273642,yes
-0.446584909,-0.605524108,yes
0.579770059,-1.336884615,yes
-0.281948185,-0.472755164,yes
1.347737389,0.582126424,yes
0.202776071,-0.581616377,yes
0.236784333,-0.732304227,yes
0.565706689,-1.106523408,yes
0.8110164,0.282456716,yes
0.904716947,0.57447281,yes
0.676018275,-1.052561255,yes
1.136679874,-0.822704703,yes
0.942300855,-0.295878943,yes
1.755533962,1.291871015,yes
0.709805621,0.593696322,yes
-0.414068728,0.52900043,yes
1.012751902,-0.852242919,yes
0.910611544,-0.16298887,yes
1.270962587,1.395589014,yes
-0.098524629,-0.3246765,yes
0.539171951,-0.904917089,yes
0.4839788,1.002285367,yes
0.858870758,0.476071208,yes
1.176336737,0.965073752,yes
0.284717221,-0.075359587,yes
0.560407798,-0.739885897,yes
0.797539433,-0.97457394,yes
0.417513914,-2.434165817,yes
0.61341706,1.02147896,yes
0.561376308,0.237253798,yes
1.241297799,0.376851177,yes
-0.161243062,1.406808767,yes
0.933130612,-1.253104523,yes
1.084815809,0.58988589,yes
0.65827574,0.803634618,yes
1.031540229,0.984925118,yes
0.093418481,-0.74445796,yes
0.432158669,0.087986339,yes
-0.100886926,0.316780981,yes
0.739685388,-0.205323357,yes
0.758707402,0.442312705,yes
-0.629884686,0.714284266,yes
0.7254806,-0.116161759,yes
-0.64956877,-0.505536591,yes
-0.041272251,0.807347727,yes
0.52171119,0.946159336,yes
0.185929101,-0.509669937,yes
0.510682297,-1.536279721,yes
0.73629204,-0.356107772,yes
0.358799993,0.169110698,yes
0.062283534,-1.058938421,yes
0.990997957,-0.728013464,yes
0.502485227,0.402995976,yes
1.161810092,1.127715788,yes
1.254807713,-0.065372933,yes
1.245322321,-1.461836671,yes
1.04472417,-0.186484145,yes
0.731926404,-0.840976808,yes
0.406336399,-0.343429241,yes
0.81157086,0.628472559,yes
0.645956922,-1.156458861,yes
1.101861172,1.444502753,yes
0.404457804,0.505576564,yes
0.75092258,-0.917064259,yes
0.817238002,1.268965586,yes
0.594036304,-0.274214451,yes
0.866216201,-1.964428346,yes
0.6546288,-1.191086808,yes
0.620496161,1.118813574,yes
1.33516243,0.753831142,yes
0.890297709,0.031275576,yes
0.280021687,-0.254262934,yes
1.174430267,0.627235045,yes
0.437394466,-0.302588747,yes
-0.462843965,0.838617108,yes
1.281886642,0.28743096,yes
0.804533421,0.730762788,yes
1.405631084,-1.053271758,yes
-0.302431852,-0.005715442,yes
0.668874551,-1.58990503,yes
0.979462193,0.388845761,yes
0.971709785,1.389258315,yes
0.301272752,1.051409322,yes
0.724328403,0.156219939,yes
-0.551772199,-0.581693264,yes
0.826657104,-0.654981691,yes
0.835292691,0.189172314,yes
-0.12850851,-0.978517956,yes
0.641829595,-1.999702304,yes
0.160409297,-0.355296414,yes
-0.246418415,-0.938408075,yes
1.045809806,-0.466366594,yes
-0.111285924,-0.47241784,yes
0.992686536,0.393278483,yes
0.32340686,-0.688173189,yes
-0.010389003,-0.668499629,yes
1.463838625,0.603936863,yes
0.66288414,0.648154772,yes
0.609676148,-0.316673856,yes
0.250138672,0.88119321,yes
0.678009043,0.076660438,yes
0.669810125,0.55812115,yes
0.528323349,0.838844902,yes
0.930879119,-0.425682626,yes
1.198539846,0.828278967,yes
0.236011141,-0.767634415,yes
1.876120669,0.332029726,yes
0.136017957,0.292774759,yes
1.534781607,0.07870192,yes
1.487080528,0.587706875,yes
0.183237712,0.630294778,yes
0.639223589,-1.649396602,yes
1.383564475,0.338435467,yes
0.933038537,0.661455538,yes
0.627460855,-1.381045077,yes
1.297645688,0.564357136,yes
0.037432646,-0.866683959,yes
0.006692662,-0.192540151,yes
1.441087109,0.398931839,yes
0.341269888,0.886214421,yes
0.970966676,0.620691404,yes
1.622452049,0.272706194,yes
1.11823322,1.067972677,yes
-0.199423287,-0.059156165,yes
0.727969365,-1.148285748,yes
1.020902942,0.185382323,yes
0.247644429,-0.695480559,yes
0.51394877,-0.712271535,yes
0.304851171,-1.118277598,yes
0.846806972,-0.469077048,yes
0.065739966,0.663286681,yes
0.009320319,-0.04191986,yes
1.079465804,-0.16263635,yes
0.586958757,-0.153717612,yes
1.193161601,-0.315047174,yes
0.560705811,0.636548124,yes
0.438826898,0.092089799,yes
0.301602037,0.621223104,yes
0.591388486,1.503615267,yes
0.258010056,-1.367665746,yes
0.240394581,1.505490976,yes
1.086647215,-1.475391856,yes
1.483074569,0.320644538,yes
0.151476657,-1.015882185,yes
0.0810373,0.828697937,yes
0.42773674,-1.676835273,yes
1.896600559,0.340859636,yes
0.403911792,-0.562357505,yes
0.208851326,0.718767303,yes
0.448894736,0.4649958,yes
0.932505607,-0.658985667,yes
0.081802545,-0.523591936,yes
1.295831781,1.287316806,yes
1.037722309,0.611176366,yes
0.473014903,-1.115548557,yes
1.519534452,0.985482011,yes
0.805164093,0.064839465,yes
1.446919906,0.160822162,yes
0.853326509,1.003572267,yes
-0.29222272,0.629038612,yes
1.198495456,-2.013902527,yes
1.952783255,-0.099295826,yes
0.0521183,1.162451857,yes
0.407217967,0.583950268,yes
0.650556847,-1.620658666,yes
0.645182217,0.936646904,yes
0.663238865,-0.852265992,yes
0.358826222,-0.083403841,yes
1.349781506,0.368879992,yes
1.002359932,-1.068170139,yes
0.794708291,0.759215703,yes
1.009274511,0.481247112,yes
0.855852443,0.322581476,yes
1.096255444,-1.017964683,yes
0.125237734,-1.125132543,yes
0.976087138,-1.522061564,yes
1.292762296,1.100872406,yes
0.178872452,-0.768179017,yes
1.463013957,0.902543113,yes
0.111459193,-0.220952855,yes
0.449954319,-0.718492814,yes
0.240014485,0.783105345,yes
0.302365809,0.570969865,yes
0.598019836,1.200996079,yes
0.718664765,0.544082671,yes
0.719824635,0.178827813,yes
0.491406594,-1.223902449,yes
-0.601808521,0.688523703,yes
1.054583517,0.317152225,yes
1.075011833,-1.303454589,yes
1.185260351,0.904913228,yes
0.333382008,0.212708396,yes
0.594069893,-0.306377489,yes
1.150699011,1.120052005,yes
0.499915553,-1.688172051,yes
1.68696977,0.866324202,yes
0.05613749,0.632319602,yes
0.221233088,-1.286158179,yes
0.635727737,-1.681220128,yes
0.008261887,-1.151599285,yes
-0.291365832,-0.272432707,yes
1.343272779,0.482036519,yes
0.852371103,-0.464686153,yes
0.377591812,0.943914397,yes
-0.097655774,-1.240543776,yes
0.040060817,0.797502986,yes
1.51505248,0.774927067,yes
0.280528147,-1.073638563,yes
1.429959914,0.870938319,yes
0.578226718,-1.021449719,yes
0.846219222,0.428470934,yes
0.825943896,-1.142715425,yes
0.769162924,1.342192143,yes
1.148166857,0.56479548,yes
0.988480606,-1.632779528,yes
0.858001281,-0.747307233,yes
0.320362356,0.262650125,yes
1.608596533,0.665192599,yes
0.980157016,0.964180582,yes
0.905993554,0.497490322,yes
0.711713198,-0.908997439,yes
0.564501327,-0.130808978,yes
0.925949957,-0.7071421,yes
0.588608196,0.066622485,yes
0.63380444,0.644802325,yes
0.087196524,-1.645277996,yes
0.506897136,-0.734633097,yes
-0.198958956,0.387070209,yes
0.638788624,1.144039104,yes
0.164283322,-0.757897437,yes
0.729430819,1.055827491,yes
1.382221911,1.105165958,yes
0.294637312,0.414285698,yes
0.152782544,-1.319097653,yes
0.899992274,0.2641148,yes
0.954328394,-1.278205791,yes
0.412233388,0.693810471,yes
0.237482305,-0.993586959,yes
-0.344631757,-0.079467127,yes
0.828249704,-1.304210214,yes
0.870935791,0.736062576,yes
0.975095694,0.593577828,yes
0.694794173,-1.147299277,yes
1.106258994,-2.174249413,yes
0.889422536,0.654674118,yes
0.038983756,-0.902661301,yes
0.133597367,-0.359531849,yes
0.796944026,-0.219604746,yes
0.268732659,-0.336017855,yes
0.374208736,-1.057118134,yes
-0.919884021,-0.959414872,yes
1.89041146,0.944720209,yes
0.411247557,-1.272558,yes
0.459624124,0.113539449,yes
0.737975512,0.92500923,yes
1.028075021,-1.162218048,yes
0.268597371,0.421808717,yes
-0.065649075,-1.501248481,yes
0.623028365,0.706117456,yes
0.228581062,0.781430114,yes
0.807918204,0.895688636,yes
0.17805209,-1.091493621,yes
0.542497728,-0.523927123,yes
-0.515621942,0.675422722,yes
0.579143628,1.129845816,yes
0.505630697,0.530542579,yes
0.757908636,0.808407546,yes
0.521503422,1.116650162,yes
1.094106173,0.676089922,yes
0.080421354,0.877780401,yes
0.6558128,-1.485472823,yes
2.083236216,0.206503892,yes
0.031618642,0.102657255,yes
0.839915479,-0.535869063,yes
0.405529407,-0.468565044,yes
1.160196551,-1.85991961,yes
0.514646444,-1.288712657,yes
0.341537103,-0.466744846,yes
-0.296602638,0.121897305,yes
0.033823977,-1.171895148,yes
0.956714336,0.087638697,yes
0.549063643,0.210284729,yes
1.400759777,-0.095962101,yes
1.047155891,-1.001970227,yes
-0.336830315,-1.276005022,yes
1.246233111,0.093007199,yes
0.55138825,0.797061487,yes
0.968559762,1.253151432,yes
1.023350128,-2.043045612,yes
0.025097074,0.948997359,yes
0.770407128,0.80715236,yes
0.916779352,0.605834442,yes
1.04127675,0.806263105,yes
0.332157113,1.223699686,yes
0.830271566,0.403011354,yes
0.745723195,0.864329039,yes
0.247101169,-0.898160492,yes
-0.661922916,-0.201958526,yes
0.337907694,-0.397071384,yes
0.389817066,0.780464215,yes
1.053922913,-0.758058843,yes
-0.488941515,-0.248828132,yes
0.579034382,-0.872395335,yes
1.012409745,-1.383442539,yes
0.215310701,0.379079201,yes
0.903411454,-0.981137629,yes
0.84489139,1.042454773,yes
0.691863282,-1.148648729,yes
0.556793645,0.828951367,yes
-0.255916302,-0.015725218,yes
0.471488874,1.139548201,yes
0.093140737,0.736831526,yes
0.982287227,0.446229038,yes
0.272731738,-0.9133538,yes
1.486811572,0.949476938,yes
0.50370212,-0.177747966,yes
-0.44320815,-0.628441277,yes
0.226918437,-1.764293203,yes
0.942867931,0.767100842,yes
0.477746375,-1.111688543,yes
1.568118279,0.589047627,yes
1.002681835,1.120263013,yes
0.690084853,0.543346334,yes
0.067282697,0.380340372,yes
0.829926911,0.907882806,yes
0.184662316,0.271035197,yes
0.78893774,0.428313323,yes
0.811387998,-0.030549796,yes
-0.05082724,-1.368110028,yes
0.384481289,-0.559008212,yes
0.50350501,-1.352674974,yes
0.725432499,-0.007951927,yes
0.882531151,-0.468965153,yes
1.099114064,1.043185963,yes
0.925717234,-1.6231268,yes
0.032080097,0.498100642,yes
0.262933494,-0.77444698,yes
0.075835711,-0.90780627,yes
-0.256196312,-0.183713942,yes
1.161014183,0.717764724,yes
1.133246446,1.098001692,yes
0.688244605,1.175806108,yes
0.119124237,0.627700461,yes
1.488426207,0.793971394,yes
1.084303002,1.988303244,yes
0.893747129,1.049447167,yes
1.458570996,0.812905972,yes
1.136332767,0.241944078,yes
1.532268882,0.576615776,yes
0.012327914,-1.333968899,yes
0.174832601,-1.084289122,yes
0.206737923,1.981481324,yes
0.012582966,-0.837871817,yes
-0.011222371,-0.521598464,yes
0.755657489,-0.768667702,yes
0.569414089,-1.027664436,yes
0.594194126,-0.18889057,yes
0.633924634,1.212707481,yes
-0.117177242,-1.237222261,yes
0.905092009,-2.014151165,yes
0.282366131,-0.644633869,yes
0.901223636,1.330044706,yes
-0.211042304,-1.090512737,yes
0.593756601,-1.086094118,yes
0.750024409,0.523016484,yes
0.381085269,0.584773044,yes
1.072896007,-0.284863979,yes
1.02822452,1.211855851,yes
0.674386539,-0.775791547,yes
1.141189233,-1.801028403,yes
0.793586814,1.075807868,yes
0.796330733,0.527110253,yes
0.579279991,0.244759538,yes
0.199146512,-0.061132152,yes
1.37529273,0.250066286,yes
0.187751365,-0.588644618,yes
0.77901213,-0.080737281,yes
1.14458928,0.149490061,yes
0.383637296,-1.993995191,yes
0.775540978,0.647869599,yes
0.319581557,-0.790616471,yes
0.948693095,0.582785381,yes
0.093793635,1.064090113,yes
0.377878228,0.630832282,yes
1.269671875,1.362167721,yes
0.013176637,-0.040487326,yes
0.47343467,-2.058843665,yes
0.376538214,0.414351261,yes
-0.353510742,0.239320959,yes
0.68194973,-1.01735071,yes
-0.476835385,-0.223519413,yes
0.245521834,-0.299184656,yes
0.29665813,-1.02628454,yes
0.06333773,-0.656036097,yes
-0.382263561,-1.106286929,yes
0.277000528,0.462372555,yes
-0.281333552,-0.623673733,yes
1.24476371,0.78621093,yes
1.51423352,-0.420106566,yes
-0.257065289,1.013485356,yes
0.508345224,1.141872736,yes
0.696213235,-0.348758553,yes
0.680164073,0.318950741,yes
0.633216586,-0.361867689,yes
0.014182005,-0.786141712,yes
0.712416659,-0.571318347,yes
0.234884195,1.247388348,yes
-0.488456648,0.158843991,yes
1.624892397,-0.744814445,yes
0.681470866,-0.06155651,yes
0.085126704,0.193935985,yes
0.095026674,-0.333173063,yes
1.02151697,0.076702984,yes
-0.871711041,-0.007831335,yes
1.342752368,0.757175225,yes
1.120761354,1.011520408,yes
1.319092605,0.677600197,yes
0.60853606,0.490394045,yes
1.184270282,0.483169633,yes
0.15001101,-1.278445272,yes
1.389626422,0.109070437,yes
0.422272801,-2.036077292,yes
0.037819954,0.040278709,yes
0.954862673,-1.37539491,yes
0.010527707,-0.90876151,yes
1.89759838,0.857388589,yes
0.154592969,-0.417037297,yes
0.062179073,-1.081185252,yes
1.437827921,-1.29861823,yes
0.093296778,0.284865431,yes
-0.260838965,-0.428105364,yes
0.369553926,0.756224023,yes
0.630229036,-1.627215086,yes
0.447158198,-0.727519713,yes
0.909016297,0.840854388,yes
0.516540281,-0.476717111,yes
0.07106942,0.436773809,yes
-0.19781165,-1.673703281,yes
0.690795841,-0.14880366,yes
0.647989352,-1.455420937,yes
0.446556629,0.299548663,yes
0.098005326,0.46979621,yes
0.148782012,-1.575047159,yes
0.678089346,-0.49908093,yes
0.708973944,-0.626544585,yes
0.170537824,-1.409803404,yes
1.725861231,0.091081668,yes
0.417957422,1.049660536,yes
1.362870238,-1.594022779,yes
-0.202617652,0.255599627,yes
0.96232767,1.292215131,yes
1.718080552,0.764814227,yes
0.470952234,0.433561774,yes
1.259634535,0.359323745,yes
0.177318216,-1.281081178,yes
1.057753261,0.428990852,yes
-0.534613769,1.367958457,yes
0.467720027,0.478715388,yes
0.291295939,-0.28293712,yes
0.04067211,-0.271063283,yes
2.476867274,1.171386902,yes
1.532246683,0.780157946,yes
0.762356984,-0.825806619,yes
0.451259011,0.214950669,yes
1.095402294,0.434538342,yes
0.351133989,0.549321235,yes
0.435715413,-1.998640848,yes
0.861505776,-1.12954916,yes
0.37936507,1.307342581,yes
0.628988952,0.972317495,yes
-0.011855079,-0.071359287,yes
0.141141086,-1.220632281,yes
1.907371164,0.860303052,yes
-0.225920131,-0.562340748,yes
-0.538803467,-0.401557119,no
-1.463295215,0.788588205,no
-0.260760342,0.137238681,no
-0.533990539,0.720496442,no
-1.771670446,1.739783483,no
-0.958154096,0.73500543,no
-0.893509799,-0.140266583,no
-0.748056872,0.900577745,no
-0.270356869,0.082636314,no
-0.191045912,0.023245971,no
0.119405277,0.69708522,no
-1.561877407,0.735097352,no
-1.352566314,0.610706041,no
-0.02019788,1.377818542,no
-0.652201525,0.908559479,no
-1.576742017,0.346909926,no
-1.446962047,1.70845844,no
-1.081449473,0.883457806,no
-1.009132738,1.215420186,no
0.426757967,0.550273287,no
0.884846218,1.443156946,no
-1.700802547,1.589114739,no
0.433898983,0.662464111,no
-1.081133568,1.167011655,no
-0.408227011,0.358829721,no
-1.187518967,0.188684755,no
0.335991719,1.038095098,no
-0.845219197,0.689319531,no
-0.47982599,-0.787658264,no
-1.108510737,1.95640504,no
0.256301519,-0.447425031,no
-1.358805572,0.21370307,no
0.587112703,1.29117559,no
-0.067566101,1.037168902,no
-0.560044049,0.149998493,no
-0.730104923,1.735778585,no
0.282510348,-0.40919001,no
-0.131668595,-0.564494238,no
0.388721343,0.949737694,no
0.041193007,0.415501457,no
-0.830340891,0.316259323,no
-0.816422339,0.537509121,no
-1.059562634,0.634539435,no
-0.677659187,0.704586605,no
-0.446785805,-0.787832951,no
-0.869401643,-0.184428323,no
-0.135353208,-0.867187792,no
0.22757098,0.107798594,no
-2.03237135,1.186376733,no
-0.076269496,-0.731207486,no
-0.815890663,2.60858588,no
-1.907691895,1.157384276,no
-1.384555082,1.369133346,no
-0.119490269,-0.468706572,no
-0.24556134,0.905434212,no
-1.186195522,-0.376052124,no
-1.180960503,0.834133076,no
0.092938343,-0.565592815,no
-0.622485907,-0.548463497,no
-0.551051166,1.742626276,no
0.238261725,-0.893283236,no
0.701049682,1.088981597,no
-0.567055385,-1.041467724,no
-1.169067399,1.000681827,no
-0.534372537,1.45495231,no
-1.327189755,1.482509256,no
-0.478122428,0.320193754,no
-1.410016013,0.908343349,no
-0.975787522,1.230927678,no
-1.837895008,0.846848244,no
-0.169768061,0.772065304,no
0.174566108,-0.825894044,no
-0.597260059,0.005112116,no
-0.896889364,0.556359083,no
-0.823959571,1.006995594,no
-1.737785084,1.383507558,no
-0.486429899,1.605103193,no
-2.290164353,1.050242542,no
0.426677389,0.757581538,no
0.53972157,-0.707376704,no
-0.909676219,1.980041479,no
0.329065621,0.70106681,no
-0.439320043,0.253034432,no
0.28063206,1.739788496,no
-2.048432164,0.518792688,no
-1.195154419,0.970193459,no
-1.87956955,0.996276316,no
0.269499116,-0.805754367,no
-0.833757955,1.106340031,no
0.099900778,-0.010328319,no
-0.323821153,0.038314511,no
-0.272429799,0.504516253,no
-1.231168177,0.014631353,no
-0.939998855,0.270750047,no
-1.170962647,1.600968574,no
-1.81701633,0.34217924,no
0.265755443,0.727219262,no
-1.049254246,1.35771559,no
-0.557729443,-0.103802951,no
-0.046233643,1.056817023,no
-1.38984515,0.887995304,no
-0.247423542,0.296018275,no
-1.09684857,-0.046609806,no
-0.584306503,0.42677972,no
-0.147698702,0.886795115,no
-1.000416797,1.274353493,no
-0.210864269,0.754360344,no
0.098200869,-0.602589174,no
-0.805789258,1.431644582,no
-0.898194738,1.153692563,no
-1.637863733,0.081869142,no
-1.799377794,1.073219441,no
-1.232633085,0.273538679,no
0.108507532,1.217481334,no
-1.931799473,0.806360002,no
0.576529959,-0.541415426,no
-0.763370369,0.644305653,no
0.30427607,1.100163349,no
-0.944795123,0.665576723,no
-0.750545929,-0.134407769,no
-0.724454362,0.442481969,no
-1.350881623,1.665864455,no
0.17696587,0.459658323,no
-0.657069014,0.706559368,no
-0.596441163,-0.38998335,no
1.084222824,0.367395211,no
-0.54951124,0.388157787,no
-1.83835714,0.716634631,no
-1.17311606,0.399355251,no
0.356929203,0.566241881,no
-1.199909937,1.624940946,no
-1.137043182,1.415715974,no
0.298415392,0.048186433,no
-1.440033648,1.1919448,no
-0.362795788,0.684604128,no
-0.238550211,1.425395431,no
0.685440256,0.582638251,no
-0.167869702,-0.542361477,no
0.801405492,-0.258799406,no
-0.155285317,0.526024337,no
0.034954511,1.566352199,no
-0.154818711,1.048528056,no
-1.285963452,1.739450146,no
-0.255512062,1.510341928,no
0.75541876,0.851278555,no
-0.309113725,-0.611587427,no
-1.771660462,0.672392434,no
-1.06507725,0.762755979,no
0.562976401,0.670555782,no
-0.153959731,-0.895515212,no
0.841938851,0.126369731,no
-2.034618455,0.891584203,no
-0.4251934,1.337436608,no
0.334213742,0.56160114,no
-0.592208783,0.944499526,no
0.075156411,-0.590829662,no
0.776424305,1.587487824,no
0.688748526,0.868695088,no
-0.335080154,1.117469341,no
-0.788927937,0.695684096,no
0.541794052,-1.145463338,no
-1.628765026,0.219551878,no
-0.87720527,0.571401791,no
-0.781684756,1.662793791,no
-1.126667149,1.956537567,no
-0.345804498,0.728725085,no
-1.695726575,0.402157618,no
-1.284276457,1.300910863,no
0.304599172,1.153608661,no
-0.248415702,1.470218287,no
-0.598428975,0.68246361,no
-0.407313338,0.14291463,no
-0.574380786,0.316994373,no
-0.908391903,0.692811058,no
-0.04697128,-1.192642244,no
-1.080445566,0.088825106,no
-1.242879905,1.285581425,no
0.927542257,0.995534587,no
-0.955444768,0.447653687,no
0.097337142,-1.392989926,no
0.385118842,0.77946274,no
-1.384700758,1.476082444,no
-1.662268154,0.601489813,no
0.515263312,-0.929753411,no
0.18874372,-0.569965889,no
-0.438785837,0.837287888,no
0.510256236,0.398669089,no
-1.126665345,0.464791037,no
0.371977299,-0.340634351,no
-1.770435122,1.33637593,no
-2.513194803,0.738308453,no
-1.162718518,0.335239127,no
0.524966527,1.213586153,no
-0.942185535,0.015001733,no
-0.288908939,-0.616906412,no
-1.223389195,0.704225348,no
0.007677603,-0.403097297,no
-0.134793201,0.950239057,no
-0.096180036,-0.887409342,no
-0.915503842,-0.522050211,no
-0.823227665,0.104544275,no
0.93063137,0.638495148,no
0.174076409,-0.551492309,no
-1.486583183,0.651686846,no
-2.220345795,0.540570802,no
0.276712905,0.49873928,no
0.285144018,-0.226786927,no
-0.400770077,0.696401877,no
0.146011979,0.8290827,no
-1.52935382,0.916292197,no
-2.006582234,1.868913289,no
-0.006387916,1.170683871,no
-0.112783258,-0.179290413,no
0.404278023,-0.453165022,no
-1.367161768,0.224201977,no
-0.234832304,0.159926116,no
-1.038959323,0.216258517,no
-0.684256659,-0.368142088,no
0.170036868,1.071261913,no
-1.496604493,0.214673453,no
-0.334086265,0.525303282,no
0.491681447,-0.338435178,no
-1.550256148,1.103380358,no
-0.316722962,-0.790456949,no
-1.396682726,0.137488617,no
-1.11074983,0.514114297,no
-0.92946152,1.338649934,no
-1.31232264,1.662402133,no
-0.768625906,0.593500318,no
-0.331717105,1.419837879,no
-1.512702497,-0.2664553,no
-1.571368007,1.833549902,no
-0.124909937,-0.594420889,no
0.167351588,0.567232912,no
-1.40914022,1.251871322,no
-0.56240017,-0.011466672,no
-1.59867703,0.022240409,no
0.373160584,-0.616559494,no
0.543158318,-0.733864341,no
-1.002549656,0.210803494,no
-1.689219098,0.960614223,no
-0.46282456,0.610202063,no
-1.043918784,0.509034175,no
-0.143614984,-0.825579582,no
0.21154395,1.110274028,no
0.850645302,-0.253682166,no
-0.520246497,-0.487053965,no
0.999425063,1.158418743,no
-1.717840488,1.516426963,no
-1.20045004,0.159962842,no
-0.676034983,0.811032552,no
-1.782113918,1.625303202,no
-0.288989635,-0.713532019,no
-0.725175632,0.948139646,no
0.174718639,0.283648009,no
0.002089173,1.382604658,no
-0.316838801,1.112148185,no
-1.244920334,0.795102498,no
0.011520272,-0.653229723,no
0.553976216,-0.599515938,no
-0.732792692,0.405396414,no
0.397601422,0.749174086,no
-1.234619852,0.703340754,no
-0.8291228,0.626194207,no
-0.092131524,-0.229351177,no
-2.000844889,1.021894463,no
-0.517104167,1.279601853,no
-0.053125522,-1.041278238,no
-0.420079987,0.780031899,no
0.281691517,-0.431799173,no
-1.023723695,0.712848423,no
0.538676753,-0.186571512,no
0.147476803,0.92800875,no
1.010046102,-0.287659081,no
-1.248004386,1.614940281,no
-0.229120331,0.621377226,no
0.006034369,-1.342756613,no
0.47958785,0.202675347,no
-1.846398289,0.948886361,no
-0.655925403,-0.169265914,no
-0.093876383,-1.28712196,no
-0.843673925,0.075502129,no
-1.401129711,1.857196034,no
0.045521584,0.702535789,no
0.261941086,0.031716094,no
-0.626882717,0.286210971,no
-0.9546247,0.680943398,no
0.99454312,1.113356452,no
-0.619372488,-0.373198934,no
0.357984401,-0.800924673,no
-1.278593157,1.094515605,no
-0.364490228,0.294150354,no
-1.327646081,1.207269699,no
-1.09918294,0.748997073,no
0.161753517,-0.128262737,no
-0.223938977,-0.525951219,no
-0.090681627,-0.368955636,no
-1.173086425,0.383382091,no
-1.373932933,0.778716224,no
-0.854500218,0.752729224,no
-1.435872376,1.076797564,no
-1.708602604,0.37956676,no
0.383374581,1.128231628,no
-2.133811564,0.819974208,no
-0.125300138,0.33220424,no
-0.921357906,0.771583851,no
0.340318461,-0.230285949,no
0.069638463,0.028471315,no
-0.497728499,0.329058042,no
-0.44705341,0.014044659,no
-0.583225316,2.02942495,no
-0.272346946,-0.665019716,no
-0.235888679,-0.598290784,no
-0.523447157,0.855156394,no
0.371619372,0.181095393,no
-0.06928204,-0.567779556,no
-0.350202802,-0.682150241,no
-0.549494246,0.406685826,no
-0.47154497,-0.428029805,no
-0.806573127,0.417182176,no
-0.893399919,0.398429179,no
-1.273663575,1.939618625,no
-0.756478257,1.857718555,no
-1.660072824,1.168872073,no
-1.635683238,0.38688454,no
0.040480345,1.370453817,no
-0.190031412,-0.430633331,no
-0.907861347,1.158326188,no
-0.133083078,-0.037387191,no
0.139627093,0.409729546,no
-1.435000768,0.929777287,no
-0.296649108,-0.226839462,no
-1.601857126,0.972774487,no
-0.628268244,-0.813771254,no
-1.151352775,0.161892934,no
0.536066335,-0.351057274,no
-1.234421625,1.127109386,no
-0.113133527,-0.607817943,no
-0.692721276,0.621027182,no
-0.00250426,0.429330166,no
-1.875860681,1.042786948,no
-0.086932434,-0.287523566,no
-0.540319119,0.429647699,no
-1.063807575,0.200217121,no
0.68425239,0.626157352,no
-1.594962867,0.815074172,no
-0.399927439,1.075268083,no
-1.39832469,0.666573448,no
-2.027914799,1.014957181,no
-0.043079616,-0.485489236,no
-1.310427704,0.588873362,no
-0.812656406,1.107661309,no
-0.817362309,-0.344067949,no
-0.582763491,-0.465402115,no
0.667455559,0.343166077,no
-0.804200584,1.253003001,no
-1.767988178,1.471714499,no
-1.225827266,0.203126129,no
-1.926924855,1.030415337,no
-0.17350077,0.036033191,no
-1.291804924,0.41904628,no
-0.362599162,0.7162933,no
-1.138349219,1.14334364,no
-0.575599721,0.906008337,no
-0.13223821,0.282504783,no
-0.208612796,0.317938961,no
-0.330833777,-0.202141703,no
-1.251189697,0.176595876,no
0.480979068,1.610480106,no
0.252723543,-1.249099908,no
-0.715672404,0.667805395,no
-1.153435832,0.778292862,no
-0.005930395,-0.643837044,no
-1.778847076,1.025113229,no
-1.31259905,0.512594631,no
-1.514972589,0.515129534,no
-1.390690035,1.759411026,no
-0.195262863,0.137004487,no
-1.459800666,0.030932721,no
0.189258985,0.010561971,no
0.200340542,1.299076561,no
0.611940244,0.187405947,no
0.678855633,0.4113452,no
-0.400923123,0.092846379,no
-0.37495406,0.029392146,no
-0.804503024,-0.021598105,no
-0.423362856,0.44262128,no
-1.363926173,1.258958324,no
0.431426094,1.39643478,no
-1.27459386,0.474405031,no
-1.05346571,1.462408849,no
-0.119128328,1.696103003,no
0.035494844,0.533100457,no
-1.493196808,0.187178941,no
-0.870050807,0.403511433,no
-0.156978021,0.59490378,no
-1.029807049,1.584739031,no
-0.518493914,0.270223461,no
-0.273801623,0.113011231,no
-1.092645782,0.563782735,no
-0.173450437,0.869174619,no
0.03800509,0.049351138,no
0.295920328,-0.468284135,no
-2.221364479,0.809713842,no
-0.612729698,1.284466498,no
-0.678304194,0.395442792,no
-0.890672447,0.642977763,no
0.774228307,1.486298231,no
0.258389118,1.24682577,no
0.829366335,-0.448073593,no
-1.450293321,0.511702333,no
-0.104669291,1.032596089,no
0.52888397,-0.963883703,no
0.255316231,-0.211856125,no
0.098533568,0.694465128,no
-0.164132113,0.824230007,no
-0.718010919,0.379310529,no
-0.229394903,1.300847958,no
-0.051265204,-0.725668781,no
0.533949668,0.323595166,no
0.211533067,-0.114303289,no
-0.514981454,1.358827679,no
-1.523495981,1.590681181,no
-0.574504803,1.159858952,no
0.06282849,0.922485053,no
-0.82168899,-0.519594189,no
-0.522478688,0.576649093,no
-2.305123054,0.796083918,no
-0.413247815,-1.07175597,no
0.129891643,0.54465314,no
-0.858415975,0.021696066,no
-0.233510411,0.390900884,no
-1.018744139,0.663117155,no
-0.425545751,1.030560558,no
-0.566116364,1.015284712,no
-1.290353932,-0.108236562,no
-0.981175439,0.55034865,no
-0.515827814,1.6386068,no
0.103515698,-1.266919238,no
-0.329877558,1.656363609,no
-0.076160588,1.180669041,no
-0.185356985,-0.832251457,no
-1.175767777,0.446938008,no
-0.012855679,0.823992981,no
-1.739807201,0.749184662,no
-1.437936496,1.107020018,no
-0.277813616,-0.186174932,no
-1.096047318,1.568256046,no
0.033801384,1.435992085,no
-0.968501539,0.217004376,no
-0.141803031,0.130572647,no
-0.359373767,-0.844923174,no
-0.112932074,1.21998609,no
0.206347915,1.128100533,no
0.098280275,1.314742463,no
0.080739011,-0.684161181,no
-1.159426192,0.545693744,no
-1.356070258,1.285372239,no
-0.265367062,-0.654405189,no
0.109375415,-0.454309864,no
-1.206018871,-0.358576164,no
0.81669676,0.838319828,no
-0.682607291,-0.14959193,no
-1.584469801,1.107825955,no
0.175929104,1.291511598,no
0.941702967,1.697414725,no
-1.588814857,-0.38385614,no
-0.129656749,-0.361070985,no
-1.225609122,0.875501125,no
-1.268422152,-0.096804033,no
0.447284489,-0.046640475,no
-0.066470564,0.5649805,no
0.099447986,-0.717027789,no
-0.210741756,1.359577651,no
-1.772680067,-0.029522191,no
0.687205437,0.574858043,no
-0.010093453,-0.392184152,no
-0.93756388,0.442015207,no
-0.062134079,1.184694046,no
-1.034304235,0.669228656,no
-2.118024431,1.653211975,no
-0.862810453,0.182710243,no
-1.072334597,0.715727509,no
0.313364502,-0.089222781,no
-2.339475933,0.838173281,no
-1.103923396,0.343058071,no
-0.663126426,0.366425337,no
-0.320229159,1.298760986,no
0.089527117,-0.134167829,no
-1.576952916,1.647031967,no
-0.969983051,1.728024287,no
0.243957909,0.183146799,no
0.282447497,-0.807066236,no
-0.804068693,0.209850493,no
-1.046646801,1.73185497,no
-0.546891863,-0.215761707,no
0.264947906,1.550701336,no
0.095178643,-0.944652846,no
-1.869241182,1.203113526,no
-0.035088596,1.271695161,no
-1.827080398,1.152741658,no
-0.899327174,0.277980534,no
-0.19020998,1.250879142,no
0.086153018,0.123484044,no
0.186269987,-0.262193003,no
-1.097406604,0.725130281,no
-1.832822119,1.293990132,no
0.238784057,0.223497969,no
0.416689013,-0.130528837,no
-1.211035991,0.674397349,no
-0.449962152,-0.794596783,no
-1.037732762,0.983853035,no
-0.493705317,0.822162693,no
0.509862711,0.911497926,no
-0.010671684,0.122140698,no
0.14458404,0.502660505,no
-0.050691165,-1.400806738,no
-1.481303445,0.535863224,no
-0.615026698,0.775281277,no
-1.66892674,1.599685441,no
-1.637671239,0.580723953,no
-0.744593945,0.696064186,no
-1.16661526,1.330354172,no
-1.187479796,0.840286364,no
0.075463787,-0.358857607,no
-0.686918581,-0.112308293,no
-0.918662678,1.359445102,no
-0.710903571,0.975291126,no
0.670520827,-0.015227762,no
-1.340703113,1.035522452,no
0.283915305,1.34073595,no
-0.677224334,0.026891658,no
-0.137505133,-0.982099352,no
-1.976581969,0.533646474,no
0.235332235,0.90835733,no
-0.010818477,1.018324605,no
-0.486567436,0.704976971,no
-0.289810832,-1.132270227,no
0.191722463,-0.000478145,no
-1.356450489,0.60579689,no
0.028527151,0.093770975,no
-1.107484887,-0.23373891,no
-1.060340278,0.154718563,no
-0.40799858,0.18234622,no
-0.947591128,0.715148265,no
-0.909762684,0.974146791,no
0.341513104,-0.041335992,no
-0.974133852,1.363287865,no
-1.129700033,1.556894861,no
-0.284500886,0.284340607,no
0.171318538,0.052360508,no
0.322974858,1.018736539,no
0.288262865,0.4150533,no
0.303117461,-1.471822594,no
-0.211881231,-0.489660504,no
-1.274222395,0.032067206,no
-0.6164328,0.357076084,no
-2.112359713,0.847343131,no
0.346723091,1.133188514,no
0.134817996,-0.525070387,no
-1.433469232,0.85911132,no
-0.760508728,0.042640348,no
-1.722568731,0.369545052,no
0.627775204,1.093699804,no
-0.890607985,0.274507863,no
0.63134552,0.002137652,no
-0.339378013,0.467588944,no
-1.223663003,0.451405189,no
-0.820250051,1.04738461,no
-0.976205151,1.036875619,no
0.344539494,-0.47149345,no
-1.007908168,0.5282314,no
0.336289436,0.341013892,no
-1.809941948,0.595661851,no
-1.545003271,0.660420124,no
-1.514311226,1.9117683,no
-0.529133229,1.307654888,no
0.666342822,1.729054271,no
-1.622294017,0.713863812,no
-1.679841751,0.9872112,no
0.000267773,1.178136551,no
0.18555512,-0.909011,no
0.155646898,-0.353617289,no
-1.350359174,0.447463145,no
0.329282136,-1.282094018,no
0.574757233,0.079821862,no
0.610219634,1.082680834,no
-1.577147197,1.527710155,no
-1.807924006,1.818869172,no
-1.761478533,0.915273597,no
0.095700407,1.172921748,no
-1.522601606,1.659762548,no
0.725746205,0.746018608,no
-0.119041441,1.428421396,no
-1.943779657,1.440903393,no
0.432618161,-0.185899313,no
-0.492831952,1.05904955,no
0.300205412,1.14387462,no
-1.301895788,1.190412916,no
-1.132707082,1.169505105,no
-1.494338634,1.698144772,no
-0.344783341,-0.081554119,no
-0.018572196,-0.498176853,no
-1.020593051,1.7036631,no
0.534966748,-0.647683821,no
-0.699236849,-0.164772456,no
-0.898195619,0.105521027,no
0.653725569,1.42382896,no
-1.293087453,0.912531163,no
-0.377542752,0.187813867,no
-1.174635243,1.336029058,no
-0.028237681,0.377480471,no
-0.798389361,-0.512729933,no
-0.912626228,1.005670084,no
-1.651514877,1.871957299,no
-0.752755703,-0.228905796,no
-1.242290667,0.807431843,no
-1.36613299,0.647103537,no
-0.951118398,0.786922368,no
-0.172179023,1.335157511,no
-1.257938703,1.395838058,no
0.035248337,0.797815992,no
-1.27871314,0.414317177,no
-0.585799865,-0.57252033,no
-0.090607041,0.967967797,no
0.616230837,-0.121549201,no
-0.742783569,0.124536816,no
-0.151781013,0.979947234,no
-1.205640828,0.488751255,no
0.250918447,0.693396275,no
-1.512901488,1.479377819,no
0.008576852,-0.931190065,no
0.284089316,0.880315334,no
-0.815009159,0.409166875,no
-0.639528463,1.628720402,no
-0.526611356,-0.706630023,no
0.038121225,-0.031750526,no
0.164275802,-0.536572737,no
-0.683406754,1.564016116,no
-0.164363026,0.305684787,no
-0.918187863,0.229723284,no
-0.178470125,1.155604739,no
-1.402390103,0.329714244,no
-0.327893426,0.767380417,no
-0.341023714,0.865259304,no
-0.473932169,0.404085606,no
-0.784659163,0.218814957,no
-0.495807841,0.10466885,no
-1.097229066,0.644321866,no
0.052971147,0.964315368,no
-1.112368593,0.417301685,no
-2.096322103,1.081317857,no
0.161640514,1.185261956,no
-1.459706385,0.429047402,no
0.578074537,0.682412319,no
0.406584517,0.864269118,no
-1.175154608,0.512466132,no
0.333491712,0.391567675,no
-0.472438881,-0.586907676,no
-0.280865593,-0.280701194,no
-1.230309628,1.182005539,no
-1.153729147,0.670784465,no
-1.28514608,1.295385062,no
-0.386274275,1.008326836,no
-1.042091111,1.22736556,no
-1.571185995,1.625217535,no
-1.20452596,-0.004619931,no
0.38998075,0.128207622,no
-0.384321922,-1.083312963,no
-0.707980255,0.80965786,no
-1.23218664,1.472320201,no
-0.050865076,-0.73581186,no
0.324344489,1.542331522,no
-0.385807636,0.04333033,no
-0.465651937,-0.362213811,no
-0.311288618,-0.112736378,no
-0.549793985,1.406461236,no
-1.352211952,0.502995181,no
-0.476368103,0.549389799,no
-1.419398357,1.244488914,no
0.270167309,0.102375886,no
-0.448867361,0.789741876,no
-1.494438258,1.262260628,no
-0.559709237,0.159300337,no
-1.688191216,0.588025379,no
-0.269245158,0.381563475,no
0.137402258,-0.78756163,no
0.122154675,-0.10087614,no
-0.626184196,0.325105173,no
-0.745342744,-0.635017508,no
1.048927409,-0.702900895,no
-0.171494376,1.179125902,no
0.901458639,0.054394559,no
-2.078655863,0.613257127,no
-1.699139704,0.258665902,no
-1.224456159,1.143553513,no
0.398526791,0.92445722,no
0.042400995,0.126388623,no
0.393485791,-1.266760724,no
-0.672050831,0.629704742,no
-1.137180656,0.442542529,no
-0.864709,0.990430935,no
-0.764340684,0.417119098,no
0.489255101,-0.631743507,no
0.658364615,0.699795014,no
-1.325918577,1.785397065,no
-1.521073949,-0.716027228,no
-0.33911718,0.260845262,no
-0.817380577,-0.104751783,no
-0.034829201,0.719472499,no
0.666258961,0.947967664,no
-0.01804381,0.834025599,no
-1.310346926,0.531684481,no
-0.776198955,1.003035589,no
-0.57137879,0.77188478,no
-0.827569743,0.955887473,no
-1.100747205,0.386168623,no
-0.593078573,-1.337038278,no
0.683610823,-0.24257544,no
0.188829121,-1.325834873,no
0.30015565,0.470142324,no
-1.954695636,0.785621594,no
0.181850123,-1.139194274,no
-1.394677333,0.344636956,no
0.550828248,1.118420579,no
-0.115826762,0.111454181,no
-0.279606216,-0.083305689,no
0.384248543,1.231280052,no
-0.95464867,1.212677132,no
0.465072109,0.641850582,no
-1.931350559,1.424693513,no
0.42747994,0.610595209,no
-1.080959902,0.95575365,no
-0.566568354,0.857352562,no
0.011319964,0.471566822,no
0.239841904,1.872012872,no
-1.091924985,0.13633685,no
-2.488734182,0.440745922,no
-0.901516604,0.720380817,no
0.297589367,0.762598168,no
-0.888962791,1.387400142,no
-0.740293524,0.970699987,no
-1.82784737,1.481490658,no
-0.114899516,0.143503679,no
-1.286957603,1.023548738,no
-1.276249204,-0.07238249,no
-0.105119561,-0.730797773,no
0.60565295,1.355091714,no
-1.870387647,1.004437562,no
-1.480895921,-0.215536349,no
-0.462461304,-0.568682514,no
-1.477426715,0.054410251,no
-0.01162615,0.383925654,no
0.64426536,0.814580166,no
0.223507776,0.442422828,no
-0.2731911,0.919508194,no
0.375692457,0.083278117,no
-0.038414938,-0.444591026,no
-0.253722986,0.687511985,no
-1.459525553,1.351377107,no
0.940690357,-0.337193805,no
-0.630828279,0.533044407,no
-1.727922695,1.163308657,no
-0.973631543,0.248790328,no
-0.342719177,1.514777809,no
-1.243525034,1.552894563,no
0.285226565,1.098170086,no
-1.305450698,0.678564852,no
-0.561144973,0.692242373,no
0.557434869,-0.173955379,no
-1.53972501,0.954981243,no
-0.855799128,0.685154507,no
0.362202793,0.542683206,no
0.096363268,-1.263267768,no
-0.329635093,0.783355557,no
-0.487356651,0.75810312,no
-0.082668858,0.351020455,no
-0.49787869,-0.7421355,no
0.100223512,0.256301513,no
-0.292108276,0.739896759,no
-0.367065291,-1.099279195,no
0.119987528,-0.650446901,no
-1.020049485,0.899883182,no
-0.373440431,-0.98066423,no
-0.447190423,0.514374156,no
0.803258504,-0.385792973,no
-1.442489307,0.711532726,no
-0.411847797,-0.638896301,no
-1.162067447,2.316512943,no
-1.451282359,0.716187094,no
-1.533307787,0.410123901,no
-0.028843147,0.439312829,no
-0.259688203,-0.029150895,no
-1.203570649,1.029110598,no
-1.455573825,1.593840517,no
-0.425038729,-0.022810803,no
0.174642766,0.47273457,no
-0.563546144,1.256499729,no
-0.375255344,0.723471936,no
-0.906395023,0.92243395,no
-1.27341506,1.054567478,no
-0.059493174,1.16637502,no
-1.3399184,0.279163624,no
-1.386022655,1.263179456,no
-1.356650098,1.529812926,no
-1.369471037,1.311819247,no
0.070825897,-0.305361417,no
0.262546021,1.644412794,no
0.527702632,0.063139171,no
0.30813735,0.158122721,no
0.199224736,1.464690494,no
-1.316842947,1.927841774,no
-0.05330977,1.324980215,no
-1.502898313,1.01715506,no
0.550024522,0.798520068,no
-0.240539543,-0.222436242,no
-0.580553255,0.372847992,no
-0.072416364,-0.466467614,no
-0.836244901,1.041749425,no
0.486620747,-0.804689006,no
-0.291873285,-0.616187204,no
-0.457527247,1.280068956,no
-1.438983782,0.347266369,no
0.335809673,-0.43686472,no
-1.167662296,1.379851901,no
-2.213546173,1.514647092,no
-1.739462697,0.808974288,no
-0.558943089,0.515886871,no
-0.053226922,-0.163490815,no
-0.625899971,0.487531865,no
-0.366275093,0.59028845,no
0.152399416,-0.034855575,no
-1.777565778,0.198990967,no
-1.473022992,0.558579479,no
0.184513653,1.122135231,no
-1.587989945,-0.069877794,no
-0.60034693,-0.03407189,no
-2.043089496,0.175362743,no
-0.789340139,-0.188449006,no
-0.060076734,0.035448047,no
-0.765295138,0.680025481,no
0.029437712,-0.055036684,no
-0.826121899,1.162900596,no
-1.553138438,1.094623365,no
0.260585228,0.399794904,no
-2.163988774,0.23064316,no
-0.428373596,-0.455528638,no
-1.154948866,0.858361072,no
-0.773889676,0.881176896,no
-0.438909316,0.821803892,no
-0.923125244,0.550467791,no
-0.404015649,-0.73999512,no
-1.11907727,1.092757324,no
-1.485017833,1.251103014,no
-1.349105241,0.88791344,no
-0.011751909,-0.473347678,no
0.414412608,-0.799795828,no
-1.230277796,0.745026387,no
-0.546285311,0.255640971,no
-1.155632684,1.428192761,no
0.276818855,0.291713075,no
0.240889433,-1.321147888,no
0.075762862,0.241442559,no
-0.485572353,0.612396742,no
-0.116721718,1.140219279,no
-0.453775467,0.518984577,no
-0.81113882,0.987411688,no
-0.626998663,-0.537070444,no
-1.115905021,0.410312555,no
-1.01980436,0.95981005,no
-0.686500017,1.30830946,no
-1.232536931,1.395020638,no
1.37912621,0.880324518,no
-1.129507193,0.34210088,no
-0.381458156,-0.700003879,no
-1.067911757,1.182766697,no
-1.399062686,0.262780804,no
-0.024492768,-1.097727172,no
0.605933115,1.362397683,no
-1.297472156,0.934223627,no
-0.630565269,-0.430959744,no
-1.7672337,0.613943878,no
-1.366280934,0.527610235,no
-1.801846842,1.940717489,no
0.291831242,1.379672176,no
-1.658677289,0.02307905,no
-0.613819615,0.145821823,no
0.843479076,0.145161982,no
-0.721469395,0.820367496,no
-0.268442418,-0.172829613,no
-1.769241032,1.255127185,no
-1.010054402,0.209257867,no
-1.448429911,1.277314617,no
0.463315041,1.242124056,no
-0.543116258,0.231871913,no
0.767523416,0.565587771,no
-1.5784457,1.037537856,no
-0.852584106,1.579418162,no
-0.427761932,-0.763048547,no
-0.870649047,0.126912205,no
-1.694473068,0.795870313,no
-0.675172878,1.234903831,no
-1.083054996,0.769930155,no
-0.824661154,0.808967506,no
0.7906852,0.512667989,no
0.015593953,-0.838407783,no
-0.407754274,0.440018373,no
-1.332053456,0.950822643,no
-1.138762189,0.988135289,no
-0.600620909,1.699273488,no
0.804381511,0.17718859,no
-1.718692284,1.194660518,no
0.376479142,0.855580375,no
-0.957552398,0.051464173,no
-1.495888085,0.775288105,no
-0.506107601,0.157962995,no
-1.637785029,0.376273777,no
0.289274338,-0.608834715,no
0.10406065,1.216043244,no
-0.622643418,1.074999239,no
-1.3760595,0.781858416,no
-1.78687502,1.103407689,no
-1.989869268,1.111346136,no
0.000644559,1.1597552,no
0.243600964,1.700828037,no
-0.289273423,-0.234364525,no
-0.237424982,2.105342505,no
-1.444630366,1.09889867,no
-0.017883012,0.444241329,no
-0.237024231,1.496208133,no
-1.114548335,1.317100155,no
-0.427847453,-0.903150087,no
0.621099715,0.481501081,no
-1.637003144,1.7865369,no
-0.633445103,0.195807224,no
-1.01759025,1.204881552,no
-1.760264535,0.945817398,no
0.733253174,-0.537864975,no
-1.641625162,0.98171684,no
-0.021954443,-0.113740265,no
-1.324327536,1.483946566,no
0.259347774,0.961923509,no
-1.451408944,1.17112624,no
-0.462201512,-0.478455617,no
0.253031595,-0.708633412,no
0.242230467,-0.915991009,no
-0.352711758,-0.385103941,no
0.917246654,-0.276576056,no
-0.267964689,1.567319671,no
-1.935027019,1.518187188,no
-1.004690787,0.430719001,no
-0.210003827,0.118635796,no
0.141810193,1.322709064,no
-1.015146876,0.470432593,no
-0.160128291,-0.017864897,no
-1.439206102,0.288169983,no
-0.495196791,0.43720449,no
0.639607036,0.297150587,no
0.208006438,-0.81861538,no
0.358836987,0.385805667,no
-2.184149769,0.315623927,no
-1.131343147,0.827374631,no
0.380159508,0.513211813,no
-1.327610793,-0.084734236,no
-1.580121402,2.062960415,no
-1.373324919,0.920119339,no
0.346867284,-0.884638923,no
-1.075043264,1.429678253,no
-1.338143028,0.757186334,no
-1.42315137,0.921773758,no
-2.289316907,1.436536952,no
0.336937772,0.603444325,no
0.240548411,0.895627447,no
-0.310177824,1.129848587,no
-0.523536921,0.793185867,no
-1.646372123,1.372740023,no
-1.243880463,-0.017701207,no
-1.114605334,0.531496153,no
-1.082018583,1.328269578,no
-0.225538652,0.8295047,no
0.008142494,-0.361587841,no
-0.532566748,0.690817035,no
0.028823799,-0.060585105,no
-1.349747813,0.397557091,no
0.513036037,0.58264142,no
0.493539512,0.741678142,no
0.003068575,0.429046035,no
0.973917074,-0.281244004,no
-1.415124387,1.924743945,no
-1.496535946,0.394281809,no
-0.061619694,-0.389040024,no
-1.512995593,1.480371848,no
-0.34263543,1.034090254,no
0.817602563,0.379491032,no
-1.107580806,1.397714572,no
-1.366703417,0.232580935,no
-0.560508853,0.541743056,no
-0.745983822,-0.306075982,no
-2.115678326,0.925894157,no
-0.815364339,1.56041044,no
